Workbook

Sheet #104 (2025-10-17)
A1: Good Life Toastmasters Club 美好人生英文俱樂部
A2: 地址：臺北市中山區復興北路150號9樓-小樹屋902房 (近捷運南京復興站8號出口步行3分鐘內)
A3: Address：Room 902, 9F., No. 150, Fuxing N. Rd., Zhongshan Dist., Taipei City (Near Nanjing Fuxing MRT Station Ext.8)
A4: Time: Every 1st & 3rd Friday Evening 7:15~9:15PM Charter in March.1st,2021
A5: Admission Fee: For members and guests $150 (Including snacks,drinks)
A7: Club Mission
A8: We provide a supportive and positive learning experience in which members are empowered to develop communication and leadership skills, resulting in greater self-confidence and personal growth.
A10: Meeting:#104 Date: Friday, Oct 17, 2025
A11: =CONCATENATE("Theme: ", parameters!E18, CHAR(10),"Question: ",parameters!F18) -> Theme: The Power of Words Question: Has someone’s words ever changed your life?
A12: Time | D12: Content | J12: Conductor | L12: Meeting Role
A13: 0.77083333 | B13: 0.78472222 | C13: 0.013888889 | D13: Preperation | J13: All Officers
A14: =B13 -> 0.78472222 | B14: =A14+C14 -> 0.80208333 | C14: 0.017361111 | D14: Reception | J14: All Officers
A15: =B14 -> 0.80208333 | B15: =A15+C15 -> 0.80277778 | C15: 0.00069444444 | D15: Call Meeting to order SAA | J15: Dennis Chen
A16: =B15 -> 0.80277778 | B16: =A16+C16 -> 0.80625 | C16: 0.0034722222 | D16: Opening Remarks & Guests Introduction | J16: President | K16: =Roles!D2 -> Dennis Chen, IP3
A17: =B16 -> 0.80625 | B17: 0.8125 | C17: 0.0020833333 | D17: Toastmaster of the Evening Introduction | J17: Member | K17: =Roles!D3 -> Dennis Chen, IP3 | L17: TME
C18: 0.0013888889 | D18: Timing Rules | J18: =Roles!D4 -> Regina Cheng, DTM | L18: Timer
C19: 0.0013888889 | D19: Ah Counter Rules | J19: =Roles!D5 -> Michael James | L19: Ah Counter
C20: 0.0013888889 | D20: Vote Counter Rules | J20: =Roles!D6 -> Regina Cheng, DTM | L20: Vote Counter
A21: 0.8125 | B21: =A21+C21 -> 0.81944444 | C21: 0.0069444444 | D21: Variety Session | J21: =Roles!D7 -> Maxim Niederau | L21: Session Master
A22: =B21 -> 0.81944444 | B22: =A22+C22 -> 0.82013889 | C22: 0.00069444444 | D22: Prepared Speech Session | J22: =Roles!D3 -> Dennis Chen, IP3 | L22: TME
A23: =B22 -> 0.82013889 | B23: =B22+parameters!B2-parameters!C2 -> 0.82430556 | C23: =parameters!D2 -> 5-7m | D23: =parameters!H2 -> L5P2 | E23: =CONCATENATE("Project: ", parameters!E2) -> Project: High Performance Leadership | J23: =Roles!D8 -> Javier Bernabeu, MS4 | L23: Speaker
D24: =CONCATENATE("Title: ", parameters!F2) -> Title: Moving Mountains From Inside Us
A25: =B23 -> 0.82430556 | B25: =B23+parameters!B3+parameters!C3 -> 0.82916667 | C25: =parameters!D3 -> 4-6m | D25: =parameters!H3 -> L1P1 | E25: =CONCATENATE("Project: ", parameters!E3) -> Project: Ice Breaker | J25: =Roles!D9 -> Tanya Chen(Sandwich) | L25: Speaker
D26: =CONCATENATE("Title: ", parameters!F3) -> Title: Voyage of Discovery
A27: =B25 -> 0.82916667 | B27: =B25+parameters!B4+parameters!C4 -> 0.83472222 | C27: =parameters!D4 -> 5-7m | D27: =parameters!H4 | E27: =CONCATENATE("Project: ", parameters!E4) -> Project: | J27: =Roles!D10 | L27: Speaker
D28: =CONCATENATE("Title: ", parameters!F4) -> Title:
A29: =B27 -> 0.83472222 | B29: =A29+C29 -> 0.83611111 | C29: 0.0013888889 | D29: 1st Timer & Ah Counter Report | J29: =CONCATENATE(Roles!$D$4," / ",Roles!$D$5) -> Regina Cheng, DTM / Michael James | L29: Timer/Ah Counter
A30: =B29 -> 0.83611111 | B30: =A30+C30 -> 0.84305556 | C30: 0.0069444444 | D30: Intermission & Group Photo | J30: =Roles!D12 -> Eloise Hsu, EH1 | L30: Photographer
A31: =B30 -> 0.84305556 | B31: =A31+C31 -> 0.85347222 | C31: 0.010416667 | D31: Table Topics Session | J31: =Roles!D13 -> Tappy Hsieh, PM2 | L31: Session Master
A32: =B31 -> 0.85347222 | B32: =A32+C32 -> 0.85555556 | C32: 0.0020833333 | D32: Evaluation Session | J32: =Roles!D14 -> Alex Huang, PM3 | L32: GE
A33: =B32 -> 0.85555556 | B33: =B32+parameters!B6+parameters!C6 -> 0.85833333 | C33: =parameters!D6 -> 2-3m | D33: =CONCATENATE("Individual Evaluator #1 for ",Roles!D8) -> Individual Evaluator #1 for Javier Bernabeu, MS4 | J33: =Roles!D15 -> Carol Chang, PM3 | L33: IE
A34: =B33 -> 0.85833333 | B34: =B33+parameters!B7+parameters!C7 -> 0.86111111 | C34: =parameters!D7 -> 2-3m | D34: =CONCATENATE("Individual Evaluator #2 for ",Roles!D9) -> Individual Evaluator #2 for Tanya Chen(Sandwich) | J34: =Roles!D16 -> Pearl Huang, LD4 | L34: IE
A35: =B34 -> 0.86111111 | B35: =B34+parameters!B7+parameters!C7 -> 0.86388889 | C35: =parameters!D8 -> 2-3m | D35: =CONCATENATE("Individual Evaluator #3 for ",Roles!D10) -> Individual Evaluator #3 for | J35: =Roles!D17 | L35: IE
A36: =B34 -> 0.86111111 | B36: =A36+C36 -> 0.8625 | C36: 0.0013888889 | D36: 2nd Timer & Ah Counter Report | J36: =CONCATENATE(Roles!$D$4," / ",Roles!$D$5) -> Regina Cheng, DTM / Michael James | L36: Timer/Ah Counter
A37: =B36 -> 0.8625 | B37: =A37+parameters!B11+parameters!C11 -> 0.86736111 | C37: =parameters!D11 -> 4-6m | D37: Language Evaluation Session | J37: =Roles!D20 -> Eloise Hsu, EH1 | L37: LE
A38: =B37 -> 0.86736111 | B38: =B37+parameters!B12+parameters!C12 -> 0.87222222 | C38: =parameters!D12 -> 4-6m | D38: General Evaluation Session | J38: =Roles!B14 -> Alex Huang | L38: GE
A39: =B38 -> 0.87222222 | B39: =A39+C39 -> 0.87291667 | C39: 0.00069444444 | D39: Voting Time | J39: =Roles!D2 -> Dennis Chen, IP3 | L39: TME
A40: =B39 -> 0.87291667 | B40: =A40+C40 -> 0.87638889 | C40: 0.0034722222 | D40: Awarding & Appreciation | J40: =Roles!D2 -> Dennis Chen, IP3
A41: =B40 -> 0.87638889 | B41: =A41+C41 -> 0.87986111 | C41: 0.0034722222 | D41: Guest Sharing & Announcement | J41: President | K41: =Roles!D2 -> Dennis Chen, IP3
A42: =B41 -> 0.87986111 | B42: =A42+C42 -> 0.88055556 | C42: 0.00069444444 | D42: Meeting Adjourn
B43: E-Voting (6 Awards)
A44: X | B44: 1. Best Speaker | I44: 4. Best Table Topics Speaker
B45: 2. Most Imroved Speaker | I45: 5. Best Individual Evaluator
B46: 3. Best Session Master
G47: THANK YOU FOR YOUR PARTICIPATION!! SEE YOU NEXT MEETING!! | K47: E-Voting QR Code
A48: Toastmasters International, District 67(Toastmasters of Taiwan District): www.toastmasters.org.tw
A49: Toastmasters International: www.toastmasters.org | I49: FACEBOOK: Good Life Toastmasters Club
C50: Timer | F50: 計時員 | H50: TME | I50: 總主持人 | J50: IE | K50: 個別講評員
C51: Ah Counter | F51: 贅語記錄員 | H51: GE | I51: 總講評 | J51: Table Topics | K51: 即席演講
C52: Vote Counter | F52: 計票員 | H52: LE | I52: 語言講評 | J52: Variety Session | K52: 多元單元(遊戲單元)
B61: FB Page | K61: Guest Line Group | L61: Guest Feedback
B73: 學習途徑Pathways:
B74: =CONCATENATE("Speaker 1. ", "(", parameters!I2,") ",parameters!H2) -> Speaker 1. (MS) L5P2 | E74: Project: | F74: =parameters!E2 -> High Performance Leadership
B75: Purpose Statement :
B76: ■ The purpose of this project is for the member to identify his or her primary leadership style or styles. ■ The purpose of this speech is for the member to share some aspect of his or her primary leadership style or discuss leadership styles in general.
B78: =CONCATENATE("Speaker 2. ", "(", parameters!I3,") ",parameters!H3) -> Speaker 2. (PM) L1P1 | E78: Project: | F78: =parameters!E3 -> Ice Breaker
B79: Purpose Statement :
B80: ■The purpose of this project is for the member to introduce themselves to the club and learn the basic structure of a public speech.
B82: =CONCATENATE("Speaker 3. ", "(", parameters!I4,") ",parameters!H4) -> Speaker 3. () | E82: Project: | F82: =parameters!E4
B83: ■ The purpose of this speech is for the member to share some aspect of his or her leadership experience and the impact of a lessons learned meeting.
B84: Purpose Statement :
B85: ■ The purpose of this project is for the member to practice the skills needed to connect with an unfamiliar audience.
B100: Good Life Toastmasters 2025-2026 Club Officers
B101: President | F101: 會長 | H101: Dennis Chen | J101: mudian10000@hotmail.com
B102: VP Education | F102: 教育副會長 | H102: Eloise Hsu | J102: eloiseprincess2000@gmail.com
B103: VP Membership | F103: 會員副會長 | H103: Yaya Liao | J103: ecoces@gmail.com
B104: VP Public Relationship | F104: 公關副會長 | H104: Anabela Liang | J104: ababela0328@gmail.com
B105: Secretary | F105: 秘書長 | H105: Maxim Niederau | J105: Maxim.niederau@gmail.com
B106: Teasurer | F106: 財務長 | H106: Regina Cheng | J106: regina0218@gmail.com
B107: Sargeant-at-Arms | F107: 事務長 | H107: Marinda Kan | J107: Kanshowmei@gmail.com
B108: I.P. President | F108: 前任會長 | H108: Javier Bernabeu | J108: joberes22@gmail.com
B109: Chartering President | F109: 創會會長 | H109: Alex Huang | J109: alexbase1216@gmail.com
B111: FALSE | C111: Yes! I I want to come back next time, please contact me!
B112: FALSE | C112: Yes! I want to join Good Life Toastmasters Club as a Member
B113: English Full Name | I113: Contact Number
B114: E-mail Address
B115: Home or Company Address
C116: 會員半年費Half Year Membership Fee: 2,100NTD
C117: 會員年費Annual Membership Fee: 4,000NTD
C118: 線上教材使用設定費Pathways System: 700NTD (Once)

Sheet parameters
A1: Item | B1: Duration | C1: Buffer | D1: Display Time | E1: Project | F1: Title | G1: Pathway | I1: Pathway(Abbr.)
A2: speaker1 | B2: 0.0048611111 | C2: 0.00069444444 | D2: =VLOOKUP(B2,$A$17:$B$24,2) -> 5-7m | E2: High Performance Leadership | F2: Moving Mountains From Inside Us | G2: Motivational Strategies | H2: L5P2 | I2: MS
A3: speaker2 | B3: 0.0041666667 | C3: 0.00069444444 | D3: =VLOOKUP(B3,$A$18:$B$24,2) -> 4-6m | E3: Ice Breaker | F3: Voyage of Discovery | G3: Presentation Mastery | H3: L1P1 | I3: PM
A4: speaker3 | B4: 0.0048611111 | C4: 0.00069444444 | D4: =VLOOKUP(B4,$A$18:$B$24,2) -> 5-7m | I4: =IF(ISNA(VLOOKUP(G4,Purpose!$A$2:$B$128,2, false)), "", VLOOKUP(G4,Purpose!$A$2:$B$128,2, false))
A5: speaker4 | B5: 0.0048611111 | C5: 0.00069444444 | D5: =VLOOKUP(B5,$A$18:$B$24,2) -> 5-7m | I5: =IF(ISNA(VLOOKUP(G5,Purpose!$A$2:$B$128,2, false)), "", VLOOKUP(G5,Purpose!$A$2:$B$128,2, false))
A6: IE1 | B6: 0.0020833333 | C6: 0.00069444444 | D6: =VLOOKUP(B6,$C$18:$D$24,2) -> 2-3m | I6: =IF(ISNA(VLOOKUP(G6,Purpose!$A$2:$B$128,2, false)), "", VLOOKUP(G6,Purpose!$A$2:$B$128,2, false))
A7: IE2 | B7: 0.0020833333 | C7: 0.00069444444 | D7: =VLOOKUP(B7,$C$18:$D$24,2) -> 2-3m | I7: =IF(ISNA(VLOOKUP(G6,Purpose!$A$2:$B$128,2, false)), "", VLOOKUP(G6,Purpose!$A$2:$B$128,2, false))
A8: IE3 | B8: 0.0020833333 | C8: 0.00069444444 | D8: =VLOOKUP(B8,$C$18:$D$24,2) -> 2-3m | I8: =IF(ISNA(VLOOKUP(G7,Purpose!$A$2:$B$128,2, false)), "", VLOOKUP(G7,Purpose!$A$2:$B$128,2, false))
A9: IE4 | B9: 0.0020833333 | C9: 0.00069444444 | D9: =VLOOKUP(B9,$C$18:$D$24,2) -> 2-3m | I9: =IF(ISNA(VLOOKUP(G8,Purpose!$A$2:$B$128,2, false)), "", VLOOKUP(G8,Purpose!$A$2:$B$128,2, false))
A10: EE | B10: 0.0020833333 | C10: 0.00069444444 | D10: =VLOOKUP(B10,$C$18:$D$24,2) -> 2-3m
A11: LE | B11: 0.0041666667 | C11: 0.00069444444 | D11: =VLOOKUP(B11,$A$18:$B$24,2) -> 4-6m | I11: =IF(ISNA(VLOOKUP(G9,Purpose!$A$2:$B$128,2, false)), "", VLOOKUP(G9,Purpose!$A$2:$B$128,2, false))
A12: GE | B12: 0.0041666667 | C12: 0.00069444444 | D12: =VLOOKUP(B12,$A$18:$B$24,2) -> 4-6m | I12: =IF(ISNA(VLOOKUP(G11,Purpose!$A$2:$B$128,2, false)), "", VLOOKUP(G11,Purpose!$A$2:$B$128,2, false))
A16: Max. Speech Time | B16: Display Time | C16: Max. Time IE | D16: Display Time | E16: Theme | F16: Question
A17: 0.0034722222 | B17: 3-4m
A18: 0.0041666667 | B18: 4-6m | C18: 0.0020833333 | D18: 2-3m | E18: The Power of Words | F18: Has someone’s words ever changed your life?
A19: 0.0048611111 | B19: 5-7m
A20: 0.0055555556 | B20: 6-8m
A21: 0.00625 | B21: 7-9m
A22: 0.0069444444 | B22: 8-10m
A23: 0.0076388889 | B23: 9-11m
A24: 0.0083333333 | B24: 10-12m
A25: 0.013194444 | B25: 22m

Sheet Roles
A1: Role | B1: Name | C1: Pathway | D1: Display Name
A2: President | B2: Dennis Chen | C2: =IF(ISNA(VLOOKUP(B2,Pathways!$A$2:$B$46,2, false)), "", VLOOKUP(B2,Pathways!$A$2:$B$46,2, false)) -> IP3 | D2: =IF(C2="",B2, CONCATENATE(B2,", " & C2)) -> Dennis Chen, IP3
A3: TME | B3: Dennis Chen | C3: =IF(ISNA(VLOOKUP(B3,Pathways!$A$2:$B$46,2, false)), "", VLOOKUP(B3,Pathways!$A$2:$B$46,2, false)) -> IP3 | D3: =IF(C3="",B3, CONCATENATE(B3,", " & C3)) -> Dennis Chen, IP3
A4: Timer | B4: Regina Cheng | C4: =IF(ISNA(VLOOKUP(B4,Pathways!$A$2:$B$46,2, false)), "", VLOOKUP(B4,Pathways!$A$2:$B$46,2, false)) -> DTM | D4: =IF(C4="",B4, CONCATENATE(B4,", " & C4)) -> Regina Cheng, DTM
A5: Ah Counter | B5: Michael James | C5: =IF(ISNA(VLOOKUP(B5,Pathways!$A$2:$B$46,2, false)), "", VLOOKUP(B5,Pathways!$A$2:$B$46,2, false)) | D5: =IF(C5="",B5, CONCATENATE(B5,", " & C5)) -> Michael James
A6: Vote Counter | B6: Regina Cheng | C6: =IF(ISNA(VLOOKUP(B6,Pathways!$A$2:$B$46,2, false)), "", VLOOKUP(B6,Pathways!$A$2:$B$46,2, false)) -> DTM | D6: =IF(C6="",B6, CONCATENATE(B6,", " & C6)) -> Regina Cheng, DTM
A7: Variety Session Master | B7: Maxim Niederau | C7: =IF(ISNA(VLOOKUP(B7,Pathways!$A$2:$B$46,2, false)), "", VLOOKUP(B7,Pathways!$A$2:$B$46,2, false)) | D7: =IF(C7="",B7, CONCATENATE(B7,", " & C7)) -> Maxim Niederau
A8: Speaker1 | B8: Javier Bernabeu, MS4 | C8: =IF(ISNA(VLOOKUP(B8,Pathways!$A$2:$B$46,2, false)), "", VLOOKUP(B8,Pathways!$A$2:$B$46,2, false)) | D8: =IF(C8="",B8, CONCATENATE(B8,", " & C8)) -> Javier Bernabeu, MS4
A9: Speaker2 | B9: Tanya Chen(Sandwich) | C9: =IF(ISNA(VLOOKUP(B9,Pathways!$A$2:$B$46,2, false)), "", VLOOKUP(B9,Pathways!$A$2:$B$46,2, false)) | D9: =IF(C9="",B9, CONCATENATE(B9,", " & C9)) -> Tanya Chen(Sandwich)
A10: Speaker3 | C10: =IF(ISNA(VLOOKUP(B10,Pathways!$A$2:$B$46,2, false)), "", VLOOKUP(B10,Pathways!$A$2:$B$46,2, false)) | D10: =IF(C10="",B10, CONCATENATE(B10,", " & C10))
A11: Speaker4 | C11: =IF(ISNA(VLOOKUP(B11,Pathways!$A$2:$B$46,2, false)), "", VLOOKUP(B11,Pathways!$A$2:$B$46,2, false)) | D11: =IF(C11="",B11, CONCATENATE(B11,", " & C11))
A12: Photographer | B12: Eloise Hsu | C12: =IF(ISNA(VLOOKUP(B12,Pathways!$A$2:$B$46,2, false)), "", VLOOKUP(B12,Pathways!$A$2:$B$46,2, false)) -> EH1 | D12: =IF(C12="",B12, CONCATENATE(B12,", " & C12)) -> Eloise Hsu, EH1
A13: Table Topic Session Master | B13: Tappy Hsieh | C13: =IF(ISNA(VLOOKUP(B13,Pathways!$A$2:$B$46,2, false)), "", VLOOKUP(B13,Pathways!$A$2:$B$46,2, false)) -> PM2 | D13: =IF(C13="",B13, CONCATENATE(B13,", " & C13)) -> Tappy Hsieh, PM2
A14: GE | B14: Alex Huang | C14: PM3 | D14: =IF(C14="",B14, CONCATENATE(B14,", " & C14)) -> Alex Huang, PM3
A15: IE1 | B15: Carol Chang | C15: =IF(ISNA(VLOOKUP(B15,Pathways!$A$2:$B$46,2, false)), "", VLOOKUP(B15,Pathways!$A$2:$B$46,2, false)) -> PM3 | D15: =IF(C15="",B15, CONCATENATE(B15,", " & C15)) -> Carol Chang, PM3
A16: IE2 | B16: Pearl Huang | C16: =IF(ISNA(VLOOKUP(B16,Pathways!$A$2:$B$46,2, false)), "", VLOOKUP(B16,Pathways!$A$2:$B$46,2, false)) -> LD4 | D16: =IF(C16="",B16, CONCATENATE(B16,", " & C16)) -> Pearl Huang, LD4
A17: IE3 | C17: =IF(ISNA(VLOOKUP(B17,Pathways!$A$2:$B$46,2, false)), "", VLOOKUP(B17,Pathways!$A$2:$B$46,2, false)) | D17: =IF(C17="",B17, CONCATENATE(B17,", " & C17))
A18: IE4 | C18: =IF(ISNA(VLOOKUP(B18,Pathways!$A$2:$B$46,2, false)), "", VLOOKUP(B18,Pathways!$A$2:$B$46,2, false)) | D18: =IF(C18="",B18, CONCATENATE(B18,", " & C18))
A19: EE | C19: =IF(ISNA(VLOOKUP(B19,Pathways!$A$2:$B$46,2, false)), "", VLOOKUP(B19,Pathways!$A$2:$B$46,2, false)) | D19: =IF(C19="",B19, CONCATENATE(B19,", " & C19))
A20: LE | B20: Eloise Hsu | C20: =IF(ISNA(VLOOKUP(B20,Pathways!$A$2:$B$46,2, false)), "", VLOOKUP(B20,Pathways!$A$2:$B$46,2, false)) -> EH1 | D20: =IF(C20="",B20, CONCATENATE(B20,", " & C20)) -> Eloise Hsu, EH1
A23: absent | B23: Hana Bruce
B25: Bruce Fan
B26: Anabela Liang | C26: Michael Yu(Challengers)
B27: Nancy Nguyen
B28: Quentin Yao
B29: Yaya Liao
B30: Alex Huang
B31: Eric Tang
B32: Tappy Hsieh
B33: Eloise Hsu
B34: Dennis Chen
B35: Pearl Huang
B36: Augustine Chang (EYT)
B37: Yaya Liao
B38: Eric Tang
... B47: Michael James

Sheet Purpose
A1: Pathways | B1: Abbreviation | C1: Level | D1: Project | E1: Purpose Statement
A2: Dynamic Leadership | B2: DL | C2: L1P1 | D2: Ice Breaker | E2: ■ The purpose of this project is for the member to introduce themselves to the club and learn the basic structure of a public speech.
C3: L1P2 | D3: Writing a Speech with Purpose | E3: ■ The purpose of this project is to learn or review basic methods for writing a speech with a defined purpose and to present a well-organized speech on any topic.
C4: L1P3 | D4: Introduction to Vocal Variety and Body Language | E4: ■ The purpose of this project is for the member to practice using vocal variety or body language to enhance a speech.
C5: L1P4 | D5: Evaluation and Feedback | E5: ■ The purpose of this project is to practice applying feedback and serve as a speech evaluator during a club meeting. ■ The purpose of this speech is for the member to present a speech and receive feedback from the evaluator.
C6: L2P1 | D6: Understanding Your Leadership Style | E6: ■ The purpose of this project is for the member to identify his or her primary leadership style or styles. ■ The purpose of this speech is for the member to share some aspect of his or her primary leadership style or discuss leadership styles in general.
C7: L2P2 | D7: Understanding Your Communication Style | E7: ■ The purpose of this project is for the member to learn about different communication styles and identify his or her primary style. ■ The purpose of this speech is for the member to share the impact of his or her style on others.
C8: L2P3 | D8: Introduction to Toastmasters Mentoring | E8: ■ The purpose of this project is for the member to clearly define how Toastmasters envisions mentoring. ■ The purpose of this speech is for the member to share some aspect of a previous experience as a protégé.
C9: L3P1 | D9: Negotiate the Best Outcome | E9: ■ The purpose of this project is for the member to learn about different types of negotiation and the strategies that can be used when negotiating. ■ The purpose of this speech is for the member to share some aspect of a past or future negotiation in his or her life.
C10: L4P1 | D10: Manage Change | E10: ■ The purpose of this project is for the member to practice developing a change management plan. ■ The purpose of this speech is for the member to share some aspect of a change management plan.
C11: L5P1 | D11: Lead in Any Situation | E11: ■ The purpose of this project is for the member to apply the skills needed to successfully lead in a volunteer or other organization. ■ The purpose of this speech is for the member to share some aspect of his or her experience as a leader and/or the impact of the 360° evaluation.
C12: L5P2 | D12: Reflect on Your Path | E12: ■ The purpose of this project is for the member to reflect on his or her growth during the completion of an entire path. ■ The purpose of the speech is for the member to share some aspect of his or her growth during the completion of a path.
A13: Effective Coaching | B13: EC | C13: L1P1 | D13: Ice Breaker | E13: ■ The purpose of this project is for the member to introduce themselves to the club and learn the basic structure of a public speech.
C14: L1P2 | D14: Writing a Speech with Purpose | E14: ■ The purpose of this project is to learn or review basic methods for writing a speech with a defined purpose and to present a well-organized speech on any topic.
C15: L1P3 | D15: Introduction to Vocal Variety and Body Language | E15: ■ The purpose of this project is for the member to practice using vocal variety or body language to enhance a speech.
C16: L1P4 | D16: Evaluation and Feedback | E16: ■ The purpose of this project is to practice applying feedback and serve as a speech evaluator during a club meeting. ■ The purpose of this speech is for the member to present a speech and receive feedback from the evaluator.
C17: L2P1 | D17: Understanding Your Leadership Style | E17: ■ The purpose of this project is for the member to identify his or her primary leadership style or styles. ■ The purpose of this speech is for the member to share some aspect of his or her primary leadership style or discuss leadership styles in general.
C18: L2P2 | D18: Understanding Your Communication Style | E18: ■ The purpose of this project is for the member to learn about different communication styles and identify his or her primary style. ■ The purpose of this speech is for the member to share the impact of his or her style on others.
C19: L2P3 | D19: Introduction to Toastmasters Mentoring | E19: =E8 -> ■ The purpose of this project is for the member to clearly define how Toastmasters envisions mentoring. ■ The purpose of this speech is for the member to share some aspect of a previous experience as a protégé.
C20: L3P1 | D20: Reaching Consensus | E20: ■ The purpose of this project is for the member to work with a group to practice reaching consensus on any topic.
C21: L4P1 | D21: Improvement Through Positive Coaching | E21: ■ The purpose of this project is for the member to develop and apply skills for coaching a fellow member or a person outside of Toastmasters who can benefit from his or her expertise. ■ The purpose of this speech is for the member to share some aspect of his or her experience coaching.
C22: L5P1 | D22: High Performance Leadership | E22: ■ The purpose of this project is for the member to apply his or her leadership and planning knowledge to develop a project plan, organize a guidance committee, and implement the plan with the help of a team. ■ The purpose of the first speech is for the member to introduce his or her plan and vision.
C23: L5P2 | D23: Reflect on Your Path | E23: =E12 -> ■ The purpose of this project is for the member to reflect on his or her growth during the completion of an entire path. ■ The purpose of the speech is for the member to share some aspect of his or her growth during the completion of a path.
A24: Engaging Humor | B24: EH | C24: L1P1 | D24: Ice Breaker | E24: ■ The purpose of this project is for the member to introduce themselves to the club and learn the basic structure of a public speech.
C25: L1P2 | D25: Writing a Speech with Purpose | E25: ■ The purpose of this project is to learn or review basic methods for writing a speech with a defined purpose and to present a well-organized speech on any topic.
C26: L1P3 | D26: Introduction to Vocal Variety and Body Language | E26: ■ The purpose of this project is for the member to practice using vocal variety or body language to enhance a speech.
C27: L1P4 | D27: Evaluation and Feedback | E27: ■ The purpose of this project is to practice applying feedback and serve as a speech evaluator during a club meeting. ■ The purpose of this speech is for the member to present a speech and receive feedback from the evaluator.
C28: L2P1 | D28: Know Your Sense of Humor | E28: ■ The purpose of this project is to begin developing a collection of humorous stories and to present a speech that includes humor.
C29: L2P2 | D29: Connect with Your Audience | E29: ■ The purpose of this project is for the member to practice the skills needed to connect with an unfamiliar audience.
C30: L2P3 | D30: Introduction to Toastmasters Mentoring | E30: =E8 -> ■ The purpose of this project is for the member to clearly define how Toastmasters envisions mentoring. ■ The purpose of this speech is for the member to share some aspect of a previous experience as a protégé.
C31: L3P1 | D31: Engage Your Audience With Humor | E31: ■ The purpose of this project is for the member to determine their style of humor and apply it to a speech that centers around a central message.
C32: L4P1 | D32: The Power of Humor in an Impromptu Speech | E32: ■ The purpose of this project is for the member to develop their method for giving impromptu speeches and practice adapting rehearsed stories during a presentation.
C33: L5P1 | D33: Deliver Your Message With Humor | E33: ■ The purpose of this project is for the member to practice developing and presenting a longer humorous speech.
C34: L5P2 | D34: Reflect on Your Path | E34: =E12 -> ■ The purpose of this project is for the member to reflect on his or her growth during the completion of an entire path. ■ The purpose of the speech is for the member to share some aspect of his or her growth during the completion of a path.
A35: Innovative Planning | B35: IP | C35: L1P1 | D35: Ice Breaker | E35: ■ The purpose of this project is for the member to introduce themselves to the club and learn the basic structure of a public speech.
C36: L1P2 | D36: Writing a Speech with Purpose | E36: ■ The purpose of this project is to learn or review basic methods for writing a speech with a defined purpose and to present a well-organized speech on any topic.
C37: L1P3 | D37: Introduction to Vocal Variety and Body Language | E37: ■ The purpose of this project is for the member to practice using vocal variety or body language to enhance a speech.
C38: L1P4 | D38: Evaluation and Feedback | E38: ■ The purpose of this project is to practice applying feedback and serve as a speech evaluator during a club meeting. ■ The purpose of this speech is for the member to present a speech and receive feedback from the evaluator.
C39: L2P1 | D39: Understanding Your Leadership Style | E39: ■ The purpose of this project is for the member to identify his or her primary leadership style or styles. ■ The purpose of this speech is for the member to share some aspect of his or her primary leadership style or discuss leadership styles in general.
C40: L2P2 | D40: Connect With Your Audience | E40: ■ The purpose of this project is for the member to practice the skills needed to connect with an unfamiliar audience.
C41: L2P3 | D41: Introduction to Toastmasters Mentoring | E41: =E8 -> ■ The purpose of this project is for the member to clearly define how Toastmasters envisions mentoring. ■ The purpose of this speech is for the member to share some aspect of a previous experience as a protégé.
C42: L3P1 | D42: Present a Proposal | E42: ■ The purpose of this project is for the member to practice developing and presenting a proposal.
C43: L4P1 | D43: Manage Projects Successfully | E43: ■ The purpose of this project is for the member to practice developing a plan, building a team, and fulfilling the plan with the help of his or her team. ■ The purpose of the first speech is for the member to give a short overview of the plan for his or her project. Notes for the Evaluator
C44: L5P1 | D44: High Performance Leadership | E44: ■ The purpose of this project is for the member to apply his or her leadership and planning knowledge to develop a project plan, organize a guidance committee, and implement the plan with the help of a team. ■ The purpose of the first speech is for the member to introduce his or her plan and vision.
C45: L5P2 | D45: Reflect on Your Path | E45: =E12 -> ■ The purpose of this project is for the member to reflect on his or her growth during the completion of an entire path. ■ The purpose of the speech is for the member to share some aspect of his or her growth during the completion of a path.
A46: Leadership Development | B46: LD | C46: L1P1 | D46: Ice Breaker | E46: ■ The purpose of this project is for the member to introduce themselves to the club and learn the basic structure of a public speech.
C47: L1P2 | D47: Writing a Speech with Purpose | E47: ■ The purpose of this project is to learn or review basic methods for writing a speech with a defined purpose and to present a well-organized speech on any topic.
C48: L1P3 | D48: Introduction to Vocal Variety and Body Language | E48: ■ The purpose of this project is for the member to practice using vocal variety or body language to enhance a speech.
C49: L1P4 | D49: Evaluation and Feedback | E49: ■ The purpose of this project is to practice applying feedback and serve as a speech evaluator during a club meeting. ■ The purpose of this speech is for the member to present a speech and receive feedback from the evaluator.
C50: L2P1 | D50: Managing Time | E50: ■ The purpose of this project is for the member to observe his or her time management patterns.
C51: L2P2 | D51: Understanding Your Leadership Style | E51: ■ The purpose of this project is for the member to identify his or her primary leadership style or styles. ■ The purpose of this speech is for the member to share some aspect of his or her primary leadership style or discuss leadership styles in general.
C52: L2P3 | D52: Introduction to Toastmasters Mentoring | E52: =E8 -> ■ The purpose of this project is for the member to clearly define how Toastmasters envisions mentoring. ■ The purpose of this speech is for the member to share some aspect of a previous experience as a protégé.
C53: L3P1 | D53: Planning and Implementing | E53: ■ The purpose of this project is for the member to practice developing a plan and bringing that plan to fruition. ■ The purpose of this speech is for the member to share some aspect of planning and implementing his or her small-scale project.
C54: L3P2 | D54: Focus on the Positive | E54: ■ The purpose of this project is for the member to practice being aware of his or her thoughts and feelings, as well as the impact of his or her responses on others. ■ The purpose of this speech is for the member to share his or her experience completing the project.
C55: L3P2-2 | D55: Understanding Vocal Variety | E55: ■ The purpose of this project is for the member to practice using vocal variety to enhance a speech.
C56: L4P1 | D56: Leading Your Team | E56: ■ The purpose of this project is for the member to lead a small team to the completion of a project. ■ The purpose of this speech is for the member to share some aspect of his or her experience leading a team.
C57: L5P1 | D57: Manage Successful Events | E57: ■ The purpose of this project is for the member to practice planning, organizing, leading, and implementing an event. ■ The purpose of this speech is for the member to share his or her experience planning, organizing, leading, and implementing an event.
C58: L5P2 | D58: Reflect on Your Path | E58: =E12 -> ■ The purpose of this project is for the member to reflect on his or her growth during the completion of an entire path. ■ The purpose of the speech is for the member to share some aspect of his or her growth during the completion of a path.
A59: Motivational Strategies | B59: MS | C59: L1P1 | D59: Ice Breaker | E59: ■ The purpose of this project is for the member to introduce themselves to the club and learn the basic structure of a public speech.
C60: L1P2 | D60: Writing a Speech with Purpose | E60: ■ The purpose of this project is to learn or review basic methods for writing a speech with a defined purpose and to present a well-organized speech on any topic.
C61: L1P3 | D61: Introduction to Vocal Variety and Body Language | E61: ■ The purpose of this project is for the member to practice using vocal variety or body language to enhance a speech.
C62: L1P4 | D62: Evaluation and Feedback | E62: ■ The purpose of this project is to practice applying feedback and serve as a speech evaluator during a club meeting. ■ The purpose of this speech is for the member to present a speech and receive feedback from the evaluator.
C63: L2P1 | D63: Understanding Your Communication Style | E63: ■ The purpose of this project is for the member to learn about different communication styles and identify his or her primary style. ■ The purpose of this speech is for the member to share the impact of his or her style on others.
C64: L2P2 | D64: Active Listening | E64: ■ The purpose of this project is for the member to demonstrate his or her ability to listen to what others say.
C65: L2P3 | D65: Introduction to Toastmasters Mentoring | E65: =E8 -> ■ The purpose of this project is for the member to clearly define how Toastmasters envisions mentoring. ■ The purpose of this speech is for the member to share some aspect of a previous experience as a protégé.
C66: L3P1 | D66: Deliver Social Speeches | E66: ■ The purpose of this project is for the member to practice delivering social speeches in front of club members.
C67: L3P1-1 | D67: Understanding Emotional Intelligence | E67: ■ The purpose of this project is for the member to cultivate an understanding of how his or her emotions impact relationships. It is also designed to help the member identify how others’ emotions impact his or her emotional state. ■ The purpose of this speech is for the member to share some aspect of his or her experience journaling emotions or being aware of emotions when interacting with others.
C68: L4P1 | D68: Motivate Others | E68: ■ The purpose of this project is for the member to practice the skills needed to motivate team members through the completion of a project. ■ The purpose of this speech is for the member to share some aspect of his or her experience motivating team members through the completion of a project.
C69: L5P1 | D69: Team Building | E69: ■ The purpose of this project is for the member to practice the skills needed to build a cohesive team and host an event. ■ The purpose of this first speech is for the member to introduce the team-building event he or she plans to host.
C70: L5P2 | D70: Reflect on Your Path | E70: =E12 -> ■ The purpose of this project is for the member to reflect on his or her growth during the completion of an entire path. ■ The purpose of the speech is for the member to share some aspect of his or her growth during the completion of a path.
A71: Persuasive Influence | B71: PI | C71: L1P1 | D71: Ice Breaker | E71: ■ The purpose of this project is for the member to introduce themselves to the club and learn the basic structure of a public speech.
C72: L1P2 | D72: Writing a Speech with Purpose | E72: ■ The purpose of this project is to learn or review basic methods for writing a speech with a defined purpose and to present a well-organized speech on any topic.
C73: L1P3 | D73: Introduction to Vocal Variety and Body Language | E73: ■ The purpose of this project is for the member to practice using vocal variety or body language to enhance a speech.
C74: L1P4 | D74: Evaluation and Feedback | E74: ■ The purpose of this project is to practice applying feedback and serve as a speech evaluator during a club meeting. ■ The purpose of this speech is for the member to present a speech and receive feedback from the evaluator.
C75: L2P1 | D75: Understanding Your Leadership Style | E75: ■ The purpose of this project is for the member to identify his or her primary leadership style or styles. ■ The purpose of this speech is for the member to share some aspect of his or her primary leadership style or discuss leadership styles in general.
C76: L2P2 | D76: Active Listening | E76: ■ The purpose of this project is for the member to demonstrate his or her ability to listen to what others say.
C77: L2P3 | D77: Introduction to Toastmasters Mentoring | E77: =E8 -> ■ The purpose of this project is for the member to clearly define how Toastmasters envisions mentoring. ■ The purpose of this speech is for the member to share some aspect of a previous experience as a protégé.
C78: L3P1 | D78: Understanding Conflict Resolution | E78: ■ The purpose of this project is for the member to develop or enhance his or her understanding of the steps and strategies to address conflict. ■ The purpose of this speech is for the member to share some aspect of his or her experience learning about and/or resolving conflict.
C79: L4P1 | D79: Leading in Difficult Situations | E79: ■ The purpose of this project is for the member to practice strategies for adjusting to unexpected changes to a finalized plan.
C80: L5P1 | D80: High Performance Leadership | E80: ■ The purpose of this project is for the member to apply his or her leadership and planning knowledge to develop a project plan, organize a guidance committee, and implement the plan with the help of a team. ■ The purpose of the first speech is for the member to introduce his or her plan and vision.
C81: L5P2 | D81: Reflect on Your Path | E81: =E12 -> ■ The purpose of this project is for the member to reflect on his or her growth during the completion of an entire path. ■ The purpose of the speech is for the member to share some aspect of his or her growth during the completion of a path.
A82: Presentation Mastery | B82: PM | C82: L1P1 | D82: Ice Breaker | E82: ■ The purpose of this project is for the member to introduce themselves to the club and learn the basic structure of a public speech.
C83: L1P2 | D83: Writing a Speech with Purpose | E83: ■ The purpose of this project is to learn or review basic methods for writing a speech with a defined purpose and to present a well-organized speech on any topic.
C84: L1P3 | D84: Introduction to Vocal Variety and Body Language | E84: ■ The purpose of this project is for the member to practice using vocal variety or body language to enhance a speech.
C85: L1P4 | D85: Evaluation and Feedback | E85: ■ The purpose of this project is to practice applying feedback and serve as a speech evaluator during a club meeting. ■ The purpose of this speech is for the member to present a speech and receive feedback from the evaluator.
C86: L2P1 | D86: Understanding Your Communication Style | E86: ■ The purpose of this project is for the member to learn about different communication styles and identify his or her primary style. ■ The purpose of this speech is for the member to share the impact of his or her style on others.
C87: L2P2 | D87: Effective Body Language | E87: ■ The purpose of this project is for the member to deliver a speech with awareness of intentional and unintentional body language, as well as to learn, practice, and refine how he or she uses nonverbal communication when delivering a speech.
C88: L2P3 | D88: Introduction to Toastmasters Mentoring | E88: =E8 -> ■ The purpose of this project is for the member to clearly define how Toastmasters envisions mentoring. ■ The purpose of this speech is for the member to share some aspect of a previous experience as a protégé.
C89: L3P1 | D89: Persuasive Speaking | E89: ■ The purpose of this project is for the member to understand the types of persuasive speeches and deliver a persuasive speech at a club meeting.
C90: L4P1 | D90: Managing a Difficult Audience | E90: ■ The purpose of this project is for the member to practice the skills needed to address audience challenges when he or she presents outside of the Toastmasters club.
C91: L5P1 | D91: Prepare to Speak Professionally | E91: ■ The purpose of this project is for the member to practice developing and presenting a longer speech.
C92: L5P2 | D92: Reflect on Your Path | E92: =E12 -> ■ The purpose of this project is for the member to reflect on his or her growth during the completion of an entire path. ■ The purpose of the speech is for the member to share some aspect of his or her growth during the completion of a path.
A93: Strategic Relationships | B93: SR | C93: L1P1 | D93: Ice Breaker | E93: ■ The purpose of this project is for the member to introduce themselves to the club and learn the basic structure of a public speech.
C94: L1P2 | D94: Writing a Speech with Purpose | E94: ■ The purpose of this project is to learn or review basic methods for writing a speech with a defined purpose and to present a well-organized speech on any topic.
C95: L1P3 | D95: Introduction to Vocal Variety and Body Language | E95: ■ The purpose of this project is for the member to practice using vocal variety or body language to enhance a speech.
C96: L1P4 | D96: Evaluation and Feedback | E96: ■ The purpose of this project is to practice applying feedback and serve as a speech evaluator during a club meeting. ■ The purpose of this speech is for the member to present a speech and receive feedback from the evaluator.
C97: L2P1 | D97: Understanding Your Leadership Style | E97: ■ The purpose of this project is for the member to identify his or her primary leadership style or styles. ■ The purpose of this speech is for the member to share some aspect of his or her primary leadership style or discuss leadership styles in general.
C98: L2P2 | D98: Active Listening | E98: ■ The purpose of this project is for the member to demonstrate his or her ability to listen to what others say.
C99: L2P3 | D99: Introduction to Toastmasters Mentoring | E99: =E8 -> ■ The purpose of this project is for the member to clearly define how Toastmasters envisions mentoring. ■ The purpose of this speech is for the member to share some aspect of a previous experience as a protégé.
C100: L3P1 | D100: Make Connections Through Networking | E100: ■ The purpose of this project is for the member to develop and practice a personal strategy for building connections through networking. ■ The purpose of this speech is for the member to share some aspect of his or her experience networking.
...

Sheet Pathways
A1: Name | B1: Pathway | C1: Path
A2: Yulin Lin | B2: VC2 | C2: VC | D2: Visionary Communication
A3: Pearl Huang | B3: LD4 | D3: Leadership Development | E3: L5P1
A4: Alex Huang | B4: DTM | C4: IP | D4: Dynamic Leadership | E4: L2P3
A5: Regina Cheng | B5: DTM
A6: Javier Bernabeu | B6: MS4 | C6: MS | D6: Motivational Strategies | E6: L4P1
A7: Eric Tang | B7: TC1 | C7: TC | D7: Team Collaboration
A8: Yaya Liao | B8: PM2 | C8: PM | D8: Presentation Mastery | E8: L2P3
A9: Dennis Chen | B9: IP3 | C9: IP | D9: Innovative Planning
A10: Tappy Hsieh | B10: PM2 | C10: PM | D10: Presentation Mastery | E10: L3P2
A11: Quentin Yao | C11: PM | D11: Presentation Mastery
A12: Anabela Liang | D12: Engaging Humor
A14: John Chiang | B14: LD1
A15: Hana Lin | B15: PM | C15: PM | D15: Presentation Mastery
A16: Bruce Fan | C16: EH | D16: Engaging Humor
A17: Eloise Hsu | B17: EH1 | C17: EH | D17: Engaging Humor
A18: Carol Chang | B18: PM3 | C18: L3 | D18: Presentation Mastery
A19: Marinda Kan | B19: PM1
